Workbook

Sheet 勤怠管理表
A1: =IF(AND(B2<>"",B3<>""),B2&"年"&B3&"月 6人用勤怠・休暇管理表","対象年/月を入力してください")
A2: 対象年 | B2: 2026
A3: 対象月 | B3: 10
A5: 氏名 | B5: 所属 | C5: 勤務区分 | D5: =IF(AND($B$2<>"",$B$3<>"",1<=DAY(EOMONTH(DATE($B$2,$B$3,1),0))),DATE($B$2,$B$3,1),"") | E5: =IF(AND($B$2<>"",$B$3<>"",2<=DAY(EOMONTH(DATE($B$2,$B$3,1),0))),DATE($B$2,$B$3,2),"") | F5: =IF(AND($B$2<>"",$B$3<>"",3<=DAY(EOMONTH(DATE($B$2,$B$3,1),0))),DATE($B$2,$B$3,3),"") | G5: =IF(AND($B$2<>"",$B$3<>"",4<=DAY(EOMONTH(DATE($B$2,$B$3,1),0))),DATE($B$2,$B$3,4),"") | H5: =IF(AND($B$2<>"",$B$3<>"",5<=DAY(EOMONTH(DATE($B$2,$B$3,1),0))),DATE($B$2,$B$3,5),"") | I5: =IF(AND($B$2<>"",$B$3<>"",6<=DAY(EOMONTH(DATE($B$2,$B$3,1),0))),DATE($B$2,$B$3,6),"") | J5: =IF(AND($B$2<>"",$B$3<>"",7<=DAY(EOMONTH(DATE($B$2,$B$3,1),0))),DATE($B$2,$B$3,7),"") | K5: =IF(AND($B$2<>"",$B$3<>"",8<=DAY(EOMONTH(DATE($B$2,$B$3,1),0))),DATE($B$2,$B$3,8),"") | L5: =IF(AND($B$2<>"",$B$3<>"",9<=DAY(EOMONTH(DATE($B$2,$B$3,1),0))),DATE($B$2,$B$3,9),"") | M5: =IF(AND($B$2<>"",$B$3<>"",10<=DAY(EOMONTH(DATE($B$2,$B$3,1),0))),DATE($B$2,$B$3,10),"") | N5: =IF(AND($B$2<>"",$B$3<>"",11<=DAY(EOMONTH(DATE($B$2,$B$3,1),0))),DATE($B$2,$B$3,11),"") | O5: =IF(AND($B$2<>"",$B$3<>"",12<=DAY(EOMONTH(DATE($B$2,$B$3,1),0))),DATE($B$2,$B$3,12),"") | P5: =IF(AND($B$2<>"",$B$3<>"",13<=DAY(EOMONTH(DATE($B$2,$B$3,1),0))),DATE($B$2,$B$3,13),"") | Q5: =IF(AND($B$2<>"",$B$3<>"",14<=DAY(EOMONTH(DATE($B$2,$B$3,1),0))),DATE($B$2,$B$3,14),"") | R5: =IF(AND($B$2<>"",$B$3<>"",15<=DAY(EOMONTH(DATE($B$2,$B$3,1),0))),DATE($B$2,$B$3,15),"") | S5: =IF(AND($B$2<>"",$B$3<>"",16<=DAY(EOMONTH(DATE($B$2,$B$3,1),0))),DATE($B$2,$B$3,16),"") | T5: =IF(AND($B$2<>"",$B$3<>"",17<=DAY(EOMONTH(DATE($B$2,$B$3,1),0))),DATE($B$2,$B$3,17),"") | U5: =IF(AND($B$2<>"",$B$3<>"",18<=DAY(EOMONTH(DATE($B$2,$B$3,1),0))),DATE($B$2,$B$3,18),"") | V5: =IF(AND($B$2<>"",$B$3<>"",19<=DAY(EOMONTH(DATE($B$2,$B$3,1),0))),DATE($B$2,$B$3,19),"") | W5: =IF(AND($B$2<>"",$B$3<>"",20<=DAY(EOMONTH(DATE($B$2,$B$3,1),0))),DATE($B$2,$B$3,20),"") | X5: =IF(AND($B$2<>"",$B$3<>"",21<=DAY(EOMONTH(DATE($B$2,$B$3,1),0))),DATE($B$2,$B$3,21),"") | Y5: =IF(AND($B$2<>"",$B$3<>"",22<=DAY(EOMONTH(DATE($B$2,$B$3,1),0))),DATE($B$2,$B$3,22),"") | Z5: =IF(AND($B$2<>"",$B$3<>"",23<=DAY(EOMONTH(DATE($B$2,$B$3,1),0))),DATE($B$2,$B$3,23),"") | AA5: =IF(AND($B$2<>"",$B$3<>"",24<=DAY(EOMONTH(DATE($B$2,$B$3,1),0))),DATE($B$2,$B$3,24),"") | AB5: =IF(AND($B$2<>"",$B$3<>"",25<=DAY(EOMONTH(DATE($B$2,$B$3,1),0))),DATE($B$2,$B$3,25),"") | AC5: =IF(AND($B$2<>"",$B$3<>"",26<=DAY(EOMONTH(DATE($B$2,$B$3,1),0))),DATE($B$2,$B$3,26),"") | AD5: =IF(AND($B$2<>"",$B$3<>"",27<=DAY(EOMONTH(DATE($B$2,$B$3,1),0))),DATE($B$2,$B$3,27),"") | AE5: =IF(AND($B$2<>"",$B$3<>"",28<=DAY(EOMONTH(DATE($B$2,$B$3,1),0))),DATE($B$2,$B$3,28),"") | AF5: =IF(AND($B$2<>"",$B$3<>"",29<=DAY(EOMONTH(DATE($B$2,$B$3,1),0))),DATE($B$2,$B$3,29),"") | AG5: =IF(AND($B$2<>"",$B$3<>"",30<=DAY(EOMONTH(DATE($B$2,$B$3,1),0))),DATE($B$2,$B$3,30),"") | AH5: =IF(AND($B$2<>"",$B$3<>"",31<=DAY(EOMONTH(DATE($B$2,$B$3,1),0))),DATE($B$2,$B$3,31),"")
A6: メンバー1 | B6: 部署A | C6: 通常
A7: メンバー2 | B7: 部署A | C7: 通常
A8: メンバー3 | B8: 部署A | C8: 通常
A9: メンバー4 | B9: 部署A | C9: 通常
A10: メンバー5 | B10: 部署A | C10: 通常
A11: メンバー6 | B11: 部署A | C11: 通常

Sheet 祝日一覧
A1: 祝日 | B1: 備考
A2: 46023 | B2: 元日
A3: 46034 | B3: 成人の日
A4: 46064 | B4: 建国記念の日
A5: 46076 | B5: 天皇誕生日
A6: 46101 | B6: 春分の日
A7: 46141 | B7: 昭和の日
A8: 46145 | B8: 憲法記念日
A9: 46146 | B9: みどりの日
A10: 46147 | B10: こどもの日
A11: 46148 | B11: 振替休日
A12: 46223 | B12: 海の日
A13: 46245 | B13: 山の日
... A19: 46349 | B19: 勤労感謝の日

Sheet 集計
A1: 氏名 | B1: 出勤 | C1: 休み | D1: 有給 | E1: 半休 | F1: 遅刻 | G1: 早退 | H1: 欠勤 | I1: その他
A2: メンバー1 | B2: =COUNTIF(勤怠管理表!D6:AE6,"出勤") | C2: =COUNTIF(勤怠管理表!D6:AE6,"休み") | D2: =COUNTIF(勤怠管理表!D6:AE6,"有給") | E2: =COUNTIF(勤怠管理表!D6:AE6,"半休") | F2: =COUNTIF(勤怠管理表!D6:AE6,"遅刻") | G2: =COUNTIF(勤怠管理表!D6:AE6,"早退") | H2: =COUNTIF(勤怠管理表!D6:AE6,"欠勤") | I2: =COUNTIF(勤怠管理表!D6:AE6,"その他")
A3: メンバー2 | B3: =COUNTIF(勤怠管理表!D7:AE7,"出勤") | C3: =COUNTIF(勤怠管理表!D7:AE7,"休み") | D3: =COUNTIF(勤怠管理表!D7:AE7,"有給") | E3: =COUNTIF(勤怠管理表!D7:AE7,"半休") | F3: =COUNTIF(勤怠管理表!D7:AE7,"遅刻") | G3: =COUNTIF(勤怠管理表!D7:AE7,"早退") | H3: =COUNTIF(勤怠管理表!D7:AE7,"欠勤") | I3: =COUNTIF(勤怠管理表!D7:AE7,"その他")
A4: メンバー3 | B4: =COUNTIF(勤怠管理表!D8:AE8,"出勤") | C4: =COUNTIF(勤怠管理表!D8:AE8,"休み") | D4: =COUNTIF(勤怠管理表!D8:AE8,"有給") | E4: =COUNTIF(勤怠管理表!D8:AE8,"半休") | F4: =COUNTIF(勤怠管理表!D8:AE8,"遅刻") | G4: =COUNTIF(勤怠管理表!D8:AE8,"早退") | H4: =COUNTIF(勤怠管理表!D8:AE8,"欠勤") | I4: =COUNTIF(勤怠管理表!D8:AE8,"その他")
A5: メンバー4 | B5: =COUNTIF(勤怠管理表!D9:AE9,"出勤") | C5: =COUNTIF(勤怠管理表!D9:AE9,"休み") | D5: =COUNTIF(勤怠管理表!D9:AE9,"有給") | E5: =COUNTIF(勤怠管理表!D9:AE9,"半休") | F5: =COUNTIF(勤怠管理表!D9:AE9,"遅刻") | G5: =COUNTIF(勤怠管理表!D9:AE9,"早退") | H5: =COUNTIF(勤怠管理表!D9:AE9,"欠勤") | I5: =COUNTIF(勤怠管理表!D9:AE9,"その他")
A6: メンバー5 | B6: =COUNTIF(勤怠管理表!D10:AE10,"出勤") | C6: =COUNTIF(勤怠管理表!D10:AE10,"休み") | D6: =COUNTIF(勤怠管理表!D10:AE10,"有給") | E6: =COUNTIF(勤怠管理表!D10:AE10,"半休") | F6: =COUNTIF(勤怠管理表!D10:AE10,"遅刻") | G6: =COUNTIF(勤怠管理表!D10:AE10,"早退") | H6: =COUNTIF(勤怠管理表!D10:AE10,"欠勤") | I6: =COUNTIF(勤怠管理表!D10:AE10,"その他")
A7: メンバー6 | B7: =COUNTIF(勤怠管理表!D11:AE11,"出勤") | C7: =COUNTIF(勤怠管理表!D11:AE11,"休み") | D7: =COUNTIF(勤怠管理表!D11:AE11,"有給") | E7: =COUNTIF(勤怠管理表!D11:AE11,"半休") | F7: =COUNTIF(勤怠管理表!D11:AE11,"遅刻") | G7: =COUNTIF(勤怠管理表!D11:AE11,"早退") | H7: =COUNTIF(勤怠管理表!D11:AE11,"欠勤") | I7: =COUNTIF(勤怠管理表!D11:AE11,"その他")
